fingerprint,card_count,example_card_id,primary_signals,min_confirms_true,note_excerpt,draft_note,policy_json,comment,fingerprint
c146e866fe7a931b,23,agriculture__water_scarcity__drought__001,"sig_01,sig_02,sig_03",2,"Drought as a causal pathway for water scarcity in semi-arid Deccan agriculture should be confirmed by at least two of the three primary signals: persistent severe or moderate drought weeks (sig_01), extended dry spells (sig_02), or composite SPI+VCI confirmation (sig_03). Seasonal and annual precipi","Pathway drought confirmation policy (auto-generated summary). Confirm when at least 2 of the primary signals co-occur: sig_01 (drought_weeks_severe, drought_weeks_moderate), sig_02 (dry_spell_weeks), sig_03 (drought_causality). Amplifying signals (do not alone confirm): sig_05 (monsoon_onset_date).","{""version"": 1, ""primary_confirm_signals"": [""sig_01"", ""sig_02"", ""sig_03""], ""confirm_when"": {""min_confirms_true"": 2, ""amplifiers_do_not_confirm"": true, ""min_from_set"": {""signals"": [""sig_01"", ""sig_02"", ""sig_03""], ""min"": 2}}, ""confidence_when"": [{""level"": ""high"", ""min_from_set"": {""signals"": [""sig_01"", ""sig_02"", ""sig_03""], ""min"": 2}, ""min_high_severity_confirms"": 2}, {""level"": ""medium"", ""min_confirms_true"": 1}, {""level"": ""low"", ""default"": true}]}",,c146e866fe7a931b
fcbd4fef4a61d6b5,16,agriculture__water_scarcity__groundwater_stress__013,"sig_01,sig_02",2,"Groundwater stress in the perhumid North-Eastern Hills is paradoxical given very high annual rainfall, and requires at least two confirming signals before diagnosis is finalised. The primary mechanism is not rainfall deficit but rather rapid runoff on steep hilly terrain limiting infiltration, combi","Pathway groundwater_stress confirmation policy (auto-generated summary). Confirm when at least 2 of the primary signals co-occur: sig_01 (soge_dev_percent, soge_class_name), sig_02 (trend_annual_delta_g_mm, delta_g_mm). Amplifying signals (do not alone confirm): sig_03 (aquifer_class, aquifer_lithology_percent), sig_04 (nrega_swc_count). Follow-up variables for field evidence: annual_well_depth_m, borewell_density, groundwater_salinity.","{""version"": 1, ""primary_confirm_signals"": [""sig_01"", ""sig_02""], ""confirm_when"": {""min_confirms_true"": 2, ""amplifiers_do_not_confirm"": true, ""min_from_set"": {""signals"": [""sig_01"", ""sig_02""], ""min"": 2}}, ""confidence_when"": [{""level"": ""high"", ""min_from_set"": {""signals"": [""sig_01"", ""sig_02""], ""min"": 2}, ""min_high_severity_confirms"": 2}, {""level"": ""medium"", ""min_confirms_true"": 1}, {""level"": ""low"", ""default"": true}]}",,fcbd4fef4a61d6b5
6f210623937510c1,10,agriculture__water_scarcity__groundwater_stress__001,"sig_01,sig_02,sig_05",2,"Groundwater stress in hard rock aquifers of the Deccan Plateau should be confirmed by at least two of the three primary signals: elevated SOGE (sig_01), chronic negative delta_g trend (sig_02), or farmer-reported well deepening (sig_05). Hard rock aquifer class (sig_03) is a structural amplifier — i","Pathway groundwater_stress confirmation policy (auto-generated summary). Confirm when at least 2 of the primary signals co-occur: sig_01 (soge_dev_percent, soge_class_name), sig_02 (trend_annual_delta_g_mm, delta_g_mm), sig_05 (annual_well_depth_m). Amplifying signals (do not alone confirm): sig_03 (aquifer_class, aquifer_lithology_percent), sig_04 (nrega_swc_count). Follow-up variables for field evidence: annual_well_depth_m, borewell_density, groundwater_salinity.","{""version"": 1, ""primary_confirm_signals"": [""sig_01"", ""sig_02"", ""sig_05""], ""confirm_when"": {""min_confirms_true"": 2, ""min_from_set"": {""signals"": [""sig_01"", ""sig_02"", ""sig_05""], ""min"": 2}, ""amplifiers_do_not_confirm"": true}, ""confidence_when"": [{""level"": ""high"", ""min_from_set"": {""signals"": [""sig_01"", ""sig_02"", ""sig_05""], ""min"": 2}, ""min_high_severity_confirms"": 2}, {""level"": ""medium"", ""min_confirms_true"": 1}, {""level"": ""low"", ""default"": true}]}",,6f210623937510c1
17f901bcdc0bbbd4,7,agriculture__water_scarcity__drought__003,"sig_01,sig_02,sig_03,sig_04",2,"Drought-driven water scarcity in the AER-9 sub-humid alluvial plains should be confirmed by at least two independent signals: (1) elevated drought_weeks_severe or dry_spell_weeks indicating intra-seasonal moisture deficit, and (2) SPI/VCI/MAI composite classification confirming meteorological or agr","Pathway drought confirmation policy (auto-generated summary). Confirm when at least 2 of the primary signals co-occur: sig_01 (drought_weeks_severe, drought_weeks_moderate), sig_02 (drought_causality), sig_03 (dry_spell_weeks), sig_04 (seasonal_precipitation_mm, precipitation_mm). Amplifying signals (do not alone confirm): sig_05 (monsoon_onset_date).","{""version"": 1, ""primary_confirm_signals"": [""sig_01"", ""sig_02"", ""sig_03"", ""sig_04""], ""confirm_when"": {""min_confirms_true"": 2, ""amplifiers_do_not_confirm"": true, ""min_from_set"": {""signals"": [""sig_01"", ""sig_02"", ""sig_03"", ""sig_04""], ""min"": 2}}, ""confidence_when"": [{""level"": ""high"", ""min_from_set"": {""signals"": [""sig_01"", ""sig_02"", ""sig_03"", ""sig_04""], ""min"": 2}, ""min_high_severity_confirms"": 2}, {""level"": ""medium"", ""min_confirms_true"": 1}, {""level"": ""low"", ""default"": true}]}",,17f901bcdc0bbbd4
758bb14fc8d6bbf1,6,agriculture__water_scarcity__drought__005,"sig_01,sig_02,sig_03,sig_04",1,,"Pathway drought confirmation policy (auto-generated summary). Confirm when sig_01 (drought_weeks_severe, drought_weeks_moderate) is TRUE. Amplifying signals (do not alone confirm): sig_05 (monsoon_onset_date).","{""version"": 1, ""primary_confirm_signals"": [""sig_01"", ""sig_02"", ""sig_03"", ""sig_04""], ""confirm_when"": {""min_confirms_true"": 1, ""amplifiers_do_not_confirm"": true}, ""confidence_when"": [{""level"": ""high"", ""min_confirms_true"": 2}, {""level"": ""medium"", ""min_confirms_true"": 1}, {""level"": ""low"", ""default"": true}]}","Autogen mismatch, Expression error",758bb14fc8d6bbf1
78ccdb1aa0eb37b9,5,agriculture__water_scarcity__drought__016,"sig_01,sig_02,sig_03,sig_05",2,"Drought confirmation in the Ladakh cold arid context requires at least two converging signals: (1) a quantitative drought week count (sig_01) or dry spell count (sig_02) confirming within-season stress, AND (2) either a precipitation deficit signal (sig_03) or composite SPI/VCI confirmation (sig_05)","Pathway drought confirmation policy (auto-generated summary). Confirm when at least 2 of the primary signals co-occur: sig_01 (drought_weeks_severe, drought_weeks_moderate), sig_02 (dry_spell_weeks), sig_03 (precipitation_mm, seasonal_precipitation_mm), sig_05 (drought_causality). Amplifying signals (do not alone confirm): sig_04 (monsoon_onset_date).","{""version"": 1, ""primary_confirm_signals"": [""sig_01"", ""sig_02"", ""sig_03"", ""sig_05""], ""confirm_when"": {""min_confirms_true"": 2, ""amplifiers_do_not_confirm"": true, ""min_from_set"": {""signals"": [""sig_01"", ""sig_02"", ""sig_03"", ""sig_05""], ""min"": 2}}, ""confidence_when"": [{""level"": ""high"", ""min_from_set"": {""signals"": [""sig_01"", ""sig_02"", ""sig_03"", ""sig_05""], ""min"": 2}, ""min_high_severity_confirms"": 2}, {""level"": ""medium"", ""min_confirms_true"": 1}, {""level"": ""low"", ""default"": true}]}",,78ccdb1aa0eb37b9
9a798bd7e4d886e0,4,agriculture__water_scarcity__groundwater_stress__004,"sig_01,sig_02,sig_05,sig_06,sig_07",2,Groundwater stress in arid alluvial aquifers should be confirmed by at least two primary signals: elevated SOGE classification (Critical/Over-exploited) and a sustained negative trend in annual delta_g. The alluvial aquifer context (sig_03) amplifies risk because high storage capacity can mask progr,"Pathway groundwater_stress confirmation policy (auto-generated summary). Confirm when at least 2 of the primary signals co-occur: sig_01 (soge_dev_percent, soge_class_name), sig_02 (trend_annual_delta_g_mm, delta_g_mm), sig_05 (annual_well_depth_m), sig_06 (borewell_density), sig_07 (groundwater_salinity). Amplifying signals (do not alone confirm): sig_03 (aquifer_class, aquifer_lithology_percent), sig_04 (nrega_swc_count). Follow-up variables for field evidence: annual_well_depth_m, borewell_density, groundwater_salinity.","{""version"": 1, ""primary_confirm_signals"": [""sig_01"", ""sig_02"", ""sig_05"", ""sig_06"", ""sig_07""], ""confirm_when"": {""min_confirms_true"": 2, ""amplifiers_do_not_confirm"": true, ""min_from_set"": {""signals"": [""sig_01"", ""sig_02"", ""sig_05"", ""sig_06"", ""sig_07""], ""min"": 2}}, ""confidence_when"": [{""level"": ""high"", ""min_from_set"": {""signals"": [""sig_01"", ""sig_02"", ""sig_05"", ""sig_06"", ""sig_07""], ""min"": 2}, ""min_high_severity_confirms"": 2}, {""level"": ""medium"", ""min_confirms_true"": 1}, {""level"": ""low"", ""default"": true}]}",,9a798bd7e4d886e0
af4e696010ff91bd,4,agriculture__water_scarcity__irrigation_challenges__008,"sig_01,sig_02,sig_04",2,"Diagnosis of irrigation infrastructure failure in AER-11 sub-humid hard-rock plateau terrain should be anchored by at least two of the three primary signals: declining SWB area trend (sig_01), low rabi/kharif SWB ratio (sig_02), or very low SWB count with poor cooperative access (sig_04). Low MGNREG","Pathway irrigation_challenges confirmation policy (auto-generated summary). Confirm when at least 2 of the primary signals co-occur: sig_01 (swb_total_area_ha, trend_swb_total_area_ha), sig_02 (swb_kharif_area_ha, mean_swb_rabi_kharif_ratio), sig_04 (swb_count, dist_cooperative_km). Amplifying signals (do not alone confirm): sig_03 (nrega_swc_count). Follow-up variables for field evidence: annual_well_depth_m.","{""version"": 1, ""primary_confirm_signals"": [""sig_01"", ""sig_02"", ""sig_04""], ""confirm_when"": {""min_confirms_true"": 2, ""amplifiers_do_not_confirm"": true, ""min_from_set"": {""signals"": [""sig_01"", ""sig_02"", ""sig_04""], ""min"": 2}}, ""confidence_when"": [{""level"": ""high"", ""min_from_set"": {""signals"": [""sig_01"", ""sig_02"", ""sig_04""], ""min"": 2}, ""min_high_severity_confirms"": 2}, {""level"": ""medium"", ""min_confirms_true"": 1}, {""level"": ""low"", ""default"": true}]}",,af4e696010ff91bd
d706f3b3b2a831a6,4,ntfp_forest_biodiversity__ntfp_decline__encroachment__002,"sig_01,sig_03,sig_04",2,Diagnosis of encroachment as the primary driver of NTFP decline should be confirmed by at least two signals: a positive trend in cd_forest_to_farm_ha (sig_01) is the strongest single indicator and should be present. Settlement expansion (sig_02) amplifies the diagnosis when co-occurring. High ST pop,"Pathway encroachment confirmation policy (auto-generated summary). Confirm when at least 2 of the primary signals co-occur: sig_01 (cd_forest_to_farm_ha), sig_03 (village_st_percent), sig_04 (cd_forest_to_farm_ha, cd_urbanization_ha). Follow-up variables for field evidence: fra_claims_filed_count, ntfp_collection_trend_qualitative.","{""version"": 1, ""primary_confirm_signals"": [""sig_01"", ""sig_03"", ""sig_04""], ""confirm_when"": {""min_confirms_true"": 2, ""amplifiers_do_not_confirm"": true, ""min_from_set"": {""signals"": [""sig_01"", ""sig_03"", ""sig_04""], ""min"": 2}}, ""confidence_when"": [{""level"": ""high"", ""min_from_set"": {""signals"": [""sig_01"", ""sig_03"", ""sig_04""], ""min"": 2}, ""min_high_severity_confirms"": 2}, {""level"": ""medium"", ""min_confirms_true"": 1}, {""level"": ""low"", ""default"": true}]}",,d706f3b3b2a831a6
22d8bd8f00eafdc0,4,socio_economic__economic_hardship__multi_sector_vulnerability__001,"sig_01,sig_02,sig_03",3,"Economic hardship in semi-arid Deccan Plateau villages is confirmed when at least three of the four quantitative signals co-occur: recurring severe drought (sig_01), social marginalisation of SC/ST households or low literacy (sig_02), financial exclusion from formal banking (sig_03), and inadequate ","Pathway multi_sector_vulnerability confirmation policy (auto-generated summary). Confirm when at least 3 of the primary signals co-occur: sig_01 (drought_weeks_severe), sig_02 (village_sc_percent, village_st_percent, village_literacy_rate), sig_03 (dist_bank_km). Amplifying signals (do not alone confirm): sig_04 (nrega_swc_count). Follow-up variables for field evidence: migrant_household_percent, household_income_inr.","{""version"": 1, ""primary_confirm_signals"": [""sig_01"", ""sig_02"", ""sig_03""], ""confirm_when"": {""min_confirms_true"": 3, ""amplifiers_do_not_confirm"": true, ""min_from_set"": {""signals"": [""sig_01"", ""sig_02"", ""sig_03""], ""min"": 3}}, ""confidence_when"": [{""level"": ""high"", ""min_from_set"": {""signals"": [""sig_01"", ""sig_02"", ""sig_03""], ""min"": 3}, ""min_high_severity_confirms"": 2}, {""level"": ""medium"", ""min_confirms_true"": 1}, {""level"": ""low"", ""default"": true}]}",,22d8bd8f00eafdc0
cfdb4872c26015a8,4,socio_economic__economic_hardship__multi_sector_vulnerability__004,"sig_01,sig_03,sig_04",3,"Economic hardship in arid and semi-arid alluvial zones of Rajasthan, Kachchh, and Haryana is best confirmed when at least three of the four signals are active: high SC/ST share (sig_01), low literacy (sig_02), remote banking (sig_03), and co-occurrence of severe drought with low MGNREGA coverage (si","Pathway multi_sector_vulnerability confirmation policy (auto-generated summary). Confirm when at least 3 of the primary signals co-occur: sig_01 (village_sc_percent, village_st_percent), sig_03 (dist_bank_km), sig_04 (drought_weeks_severe, nrega_swc_count). Amplifying signals (do not alone confirm): sig_02 (village_literacy_rate). Follow-up variables for field evidence: migrant_household_percent, household_income_inr.","{""version"": 1, ""primary_confirm_signals"": [""sig_01"", ""sig_03"", ""sig_04""], ""confirm_when"": {""min_confirms_true"": 3, ""amplifiers_do_not_confirm"": true, ""min_from_set"": {""signals"": [""sig_01"", ""sig_03"", ""sig_04""], ""min"": 3}}, ""confidence_when"": [{""level"": ""high"", ""min_from_set"": {""signals"": [""sig_01"", ""sig_03"", ""sig_04""], ""min"": 3}, ""min_high_severity_confirms"": 2}, {""level"": ""medium"", ""min_confirms_true"": 1}, {""level"": ""low"", ""default"": true}]}",,cfdb4872c26015a8
f6ed3f98aa2dd75e,3,agriculture__water_scarcity__irrigation_challenges__004,"sig_01,sig_02",1,,"Pathway irrigation_challenges confirmation policy (auto-generated summary). Confirm when sig_01 (swb_total_area_ha, swb_count) is TRUE. Amplifying signals (do not alone confirm): sig_03 (nrega_swc_count), sig_04 (dist_cooperative_km, river_name), sig_05 (annual_well_depth_m). Follow-up variables for field evidence: annual_well_depth_m.","{""version"": 1, ""primary_confirm_signals"": [""sig_01"", ""sig_02""], ""confirm_when"": {""min_confirms_true"": 1, ""amplifiers_do_not_confirm"": true}, ""confidence_when"": [{""level"": ""high"", ""min_confirms_true"": 2}, {""level"": ""medium"", ""min_confirms_true"": 1}, {""level"": ""low"", ""default"": true}]}","Autogen mismatch, Expression error",f6ed3f98aa2dd75e
5e7b2cca017d1bdb,3,agriculture__water_scarcity__rainfed_risk__008,"sig_01,sig_02,sig_04,sig_05,sig_06",1,,"Pathway rainfed_risk confirmation policy (auto-generated summary). Confirm when sig_01 (lulc_single_kharif_ha, lulc_double_crop_ha) is TRUE. Amplifying signals (do not alone confirm): sig_03 (runoff_mm, terrain_cluster_id). Follow-up variables for field evidence: irrigated_area_ha.","{""version"": 1, ""primary_confirm_signals"": [""sig_01"", ""sig_02"", ""sig_04"", ""sig_05"", ""sig_06""], ""confirm_when"": {""min_confirms_true"": 1, ""amplifiers_do_not_confirm"": true}, ""confidence_when"": [{""level"": ""high"", ""min_confirms_true"": 2}, {""level"": ""medium"", ""min_confirms_true"": 1}, {""level"": ""low"", ""default"": true}]}","Autogen mismatch, Expression error",5e7b2cca017d1bdb
6803055bd44bd95e,3,agriculture__water_scarcity__rainfed_risk__011,"sig_01,sig_02,sig_03,sig_05,sig_06",1,,"Pathway rainfed_risk confirmation policy (auto-generated summary). Confirm when sig_01 (lulc_single_kharif_ha, lulc_double_crop_ha) is TRUE. Amplifying signals (do not alone confirm): sig_04 (runoff_mm, terrain_cluster_id). Follow-up variables for field evidence: irrigated_area_ha.","{""version"": 1, ""primary_confirm_signals"": [""sig_01"", ""sig_02"", ""sig_03"", ""sig_05"", ""sig_06""], ""confirm_when"": {""min_confirms_true"": 1, ""amplifiers_do_not_confirm"": true}, ""confidence_when"": [{""level"": ""high"", ""min_confirms_true"": 2}, {""level"": ""medium"", ""min_confirms_true"": 1}, {""level"": ""low"", ""default"": true}]}",Expression error,6803055bd44bd95e
6078765eee9d5c67,3,agriculture__water_scarcity__rainfed_risk__012,"sig_01,sig_02,sig_04,sig_05",1,,"Pathway rainfed_risk confirmation policy (auto-generated summary). Confirm when sig_01 (lulc_single_kharif_ha, lulc_double_crop_ha) is TRUE. Amplifying signals (do not alone confirm): sig_03 (runoff_mm, terrain_cluster_id). Follow-up variables for field evidence: irrigated_area_ha.","{""version"": 1, ""primary_confirm_signals"": [""sig_01"", ""sig_02"", ""sig_04"", ""sig_05""], ""confirm_when"": {""min_confirms_true"": 1, ""amplifiers_do_not_confirm"": true}, ""confidence_when"": [{""level"": ""high"", ""min_confirms_true"": 2}, {""level"": ""medium"", ""min_confirms_true"": 1}, {""level"": ""low"", ""default"": true}]}",Expression error,6078765eee9d5c67
6b4cc36f5057475d,2,agriculture__water_scarcity__groundwater_stress__003,sig_03,2,"Groundwater stress in Indo-Gangetic alluvial aquifers should be confirmed by at least two of the three primary signals: elevated SOGE (>90% or Critical/Over-exploited classification), chronic negative delta_g trend, and farmer-reported borewell deepening. Unlike hard-rock peninsular aquifers, alluvi","Pathway groundwater_stress confirmation policy (auto-generated summary). Confirm when at least 2 of the primary signals co-occur: sig_03 (aquifer_class, aquifer_lithology_percent). Amplifying signals (do not alone confirm): sig_04 (nrega_swc_count). Follow-up variables for field evidence: annual_well_depth_m, borewell_density, groundwater_salinity.","{""version"": 1, ""primary_confirm_signals"": [""sig_03""], ""confirm_when"": {""min_confirms_true"": 2, ""amplifiers_do_not_confirm"": true}, ""confidence_when"": [{""level"": ""high"", ""min_confirms_true"": 2}, {""level"": ""medium"", ""min_confirms_true"": 1}, {""level"": ""low"", ""default"": true}]}","Missing signals, Expression error",6b4cc36f5057475d
875f82e72b1dc971,2,agriculture__water_scarcity__groundwater_stress__012,"sig_01,sig_02,sig_03,sig_05,sig_06,sig_07",2,"In the perhumid Eastern Himalayan hill states, groundwater stress is paradoxical — very high annual rainfall (2000–5000 mm) coexists with seasonal water scarcity because steep terrain drives rapid surface runoff, limiting infiltration into fractured hard-rock aquifers with very low storativity. Diag","Pathway groundwater_stress confirmation policy (auto-generated summary). Confirm when at least 2 of the primary signals co-occur: sig_01 (aquifer_class, aquifer_lithology_percent), sig_02 (soge_dev_percent, soge_class_name), sig_03 (trend_annual_delta_g_mm, delta_g_mm), sig_05 (annual_well_depth_m), sig_06 (borewell_density), sig_07 (groundwater_salinity). Amplifying signals (do not alone confirm): sig_04 (nrega_swc_count). Follow-up variables for field evidence: annual_well_depth_m, borewell_density, groundwater_salinity.","{""version"": 1, ""primary_confirm_signals"": [""sig_01"", ""sig_02"", ""sig_03"", ""sig_05"", ""sig_06"", ""sig_07""], ""confirm_when"": {""min_confirms_true"": 2, ""amplifiers_do_not_confirm"": true, ""min_from_set"": {""signals"": [""sig_01"", ""sig_02"", ""sig_03"", ""sig_05"", ""sig_06"", ""sig_07""], ""min"": 2}}, ""confidence_when"": [{""level"": ""high"", ""min_from_set"": {""signals"": [""sig_01"", ""sig_02"", ""sig_03"", ""sig_05"", ""sig_06"", ""sig_07""], ""min"": 2}, ""min_high_severity_confirms"": 2}, {""level"": ""medium"", ""min_confirms_true"": 1}, {""level"": ""low"", ""default"": true}]}",,875f82e72b1dc971
045266b712bf5319,2,agriculture__water_scarcity__irrigation_challenges__012,"sig_01,sig_02,sig_05",1,,"Pathway irrigation_challenges confirmation policy (auto-generated summary). Confirm when sig_01 (swb_total_area_ha, swb_count) is TRUE. Amplifying signals (do not alone confirm): sig_03 (nrega_swc_count), sig_04 (river_name, dist_cooperative_km). Follow-up variables for field evidence: annual_well_depth_m.","{""version"": 1, ""primary_confirm_signals"": [""sig_01"", ""sig_02"", ""sig_05""], ""confirm_when"": {""min_confirms_true"": 1, ""amplifiers_do_not_confirm"": true}, ""confidence_when"": [{""level"": ""high"", ""min_confirms_true"": 2}, {""level"": ""medium"", ""min_confirms_true"": 1}, {""level"": ""low"", ""default"": true}]}","Autogen has mismatch, expression error",045266b712bf5319
1893d4cba2de282a,2,ntfp_forest_biodiversity__ntfp_decline__encroachment__004,"sig_01,sig_02,sig_04",1,Diagnosis of encroachment-driven NTFP decline in arid and semi-arid zones should be anchored by sig_01 (forest-to-farm conversion trend) as the primary confirmatory signal. Sig_02 (urbanization expansion) and sig_04 (composite dual pressure) provide corroborating evidence of multi-vector land use ch,"Pathway encroachment confirmation policy (auto-generated summary). Confirm when sig_01 (cd_forest_to_farm_ha) is TRUE. Amplifying signals (do not alone confirm): sig_03 (village_st_percent). Follow-up variables for field evidence: fra_claims_filed_count, ntfp_collection_trend_qualitative.","{""version"": 1, ""primary_confirm_signals"": [""sig_01"", ""sig_02"", ""sig_04""], ""confirm_when"": {""min_confirms_true"": 1, ""amplifiers_do_not_confirm"": true}, ""confidence_when"": [{""level"": ""high"", ""min_confirms_true"": 2}, {""level"": ""medium"", ""min_confirms_true"": 1}, {""level"": ""low"", ""default"": true}]}","Autogen has mismatch, expression error",1893d4cba2de282a
973cbb6e940e3481,2,ntfp_forest_biodiversity__ntfp_decline__encroachment__005,"sig_01,sig_04",1,"Diagnosis of encroachment as the driver of NTFP decline in AER-10 (Malwa, Bundelkhand) should be anchored on measurable forest-to-farm conversion (sig_01) as the primary confirmatory signal. High ST population share (sig_03) contextualizes the livelihood impact but does not confirm encroachment on i","Pathway encroachment confirmation policy (auto-generated summary). Confirm when sig_01 (cd_forest_to_farm_ha) is TRUE. Amplifying signals (do not alone confirm): sig_02 (cd_urbanization_ha). Follow-up variables for field evidence: fra_claims_filed_count, ntfp_collection_trend_qualitative.","{""version"": 1, ""primary_confirm_signals"": [""sig_01"", ""sig_04""], ""confirm_when"": {""min_confirms_true"": 1, ""amplifiers_do_not_confirm"": true}, ""confidence_when"": [{""level"": ""high"", ""min_confirms_true"": 2}, {""level"": ""medium"", ""min_confirms_true"": 1}, {""level"": ""low"", ""default"": true}]}",,973cbb6e940e3481
e8dc01684602bd98,2,ntfp_forest_biodiversity__ntfp_decline__forest_degradation__003,sig_05,2,"Diagnosis of NTFP decline via forest degradation in AER-9 plains should be confirmed by at least two of the three primary remote sensing signals: declining lulc_tree_forest_ha trend, net deforestation exceeding afforestation, or cumulative deforestation above 50 ha. The absence of NTFP/agroforestry ","Pathway forest_degradation confirmation policy (auto-generated summary). Confirm when at least 2 of the primary signals co-occur: sig_05 (ntfp_species_presence). Amplifying signals (do not alone confirm): sig_04 (organization_domains), sig_06 (forest_patch_connectivity). Follow-up variables for field evidence: ntfp_species_presence, forest_patch_connectivity.","{""version"": 1, ""primary_confirm_signals"": [""sig_05""], ""confirm_when"": {""min_confirms_true"": 2, ""amplifiers_do_not_confirm"": true}, ""confidence_when"": [{""level"": ""high"", ""min_confirms_true"": 2}, {""level"": ""medium"", ""min_confirms_true"": 1}, {""level"": ""low"", ""default"": true}]}",Expression error,e8dc01684602bd98
b363c5e0165bc41d,2,socio_economic__economic_hardship__multi_sector_vulnerability__010,"sig_01,sig_03,sig_05",3,"Diagnosis of multi-sector vulnerability as the causal pathway for economic hardship requires co-occurrence of at least three signals: a structural exclusion signal (sig_01 or sig_02), a financial access barrier (sig_03), and either a safety net gap (sig_04) or a recurrent shock indicator (sig_05). A","Pathway multi_sector_vulnerability confirmation policy (auto-generated summary). Confirm when at least 3 of the primary signals co-occur: sig_01 (village_sc_percent, village_st_percent), sig_03 (dist_bank_km), sig_05 (drought_weeks_severe). Amplifying signals (do not alone confirm): sig_02 (village_literacy_rate), sig_04 (nrega_swc_count). Follow-up variables for field evidence: migrant_household_percent, household_income_inr.","{""version"": 1, ""primary_confirm_signals"": [""sig_01"", ""sig_03"", ""sig_05""], ""confirm_when"": {""min_confirms_true"": 3, ""amplifiers_do_not_confirm"": true, ""min_from_set"": {""signals"": [""sig_01"", ""sig_03"", ""sig_05""], ""min"": 3}}, ""confidence_when"": [{""level"": ""high"", ""min_from_set"": {""signals"": [""sig_01"", ""sig_03"", ""sig_05""], ""min"": 3}, ""min_high_severity_confirms"": 2}, {""level"": ""medium"", ""min_confirms_true"": 1}, {""level"": ""low"", ""default"": true}]}",,b363c5e0165bc41d
165dde27b2d7007e,2,socio_economic__low_income__small_landholding__007,"sig_01,sig_02,sig_05,sig_07",1,,"Pathway small_landholding confirmation policy (auto-generated summary). Confirm when sig_01 (lulc_cropland_ha, village_total_population) is TRUE. Amplifying signals (do not alone confirm): sig_03 (dist_apmc_km, dist_dairy_km), sig_04 (organization_domains, nrega_community_assets_count), sig_06 (market_price_crop). Follow-up variables for field evidence: landholding_size_distribution, household_income_inr, market_price_crop.","{""version"": 1, ""primary_confirm_signals"": [""sig_01"", ""sig_02"", ""sig_05"", ""sig_07""], ""confirm_when"": {""min_confirms_true"": 1, ""amplifiers_do_not_confirm"": true}, ""confidence_when"": [{""level"": ""high"", ""min_confirms_true"": 2}, {""level"": ""medium"", ""min_confirms_true"": 1}, {""level"": ""low"", ""default"": true}]}","Autogen has mismatch, expression error",165dde27b2d7007e
514cea203f3ea5b0,1,agriculture__water_scarcity__drought__002,sig_04,2,"Meteorological and agricultural drought in semi-arid hard rock plateau settings should be confirmed by at least two primary signals: elevated drought_weeks_severe or dry_spell_weeks, and a composite drought_causality_json showing co-occurring SPI deficit with low MAI or VCI. A single signal may refl","Pathway drought confirmation policy (auto-generated summary). Confirm when at least 2 of the primary signals co-occur: sig_04 (seasonal_precipitation_mm, precipitation_mm). Amplifying signals (do not alone confirm): sig_05 (monsoon_onset_date).","{""version"": 1, ""primary_confirm_signals"": [""sig_04""], ""confirm_when"": {""min_confirms_true"": 2, ""amplifiers_do_not_confirm"": true}, ""confidence_when"": [{""level"": ""high"", ""min_confirms_true"": 2}, {""level"": ""medium"", ""min_confirms_true"": 1}, {""level"": ""low"", ""default"": true}]}",Expression error,514cea203f3ea5b0
ecb07d332cf55d7d,1,agriculture__water_scarcity__drought__014,"sig_01,sig_05,sig_02,sig_03",2,"Diagnosis of the drought pathway in AER-5 semi-arid hard rock terrain requires confirmation from at least two independent signals: (1) a direct drought intensity measure (sig_01: severe/moderate drought weeks, or sig_05: SPI+VCI composite), and (2) a rainfall deficit measure (sig_02: dry spell weeks","Pathway drought confirmation policy (auto-generated summary). Confirm when at least 2 of the primary signals co-occur: sig_01 (drought_weeks_severe, drought_weeks_moderate), sig_05 (drought_causality), sig_02 (dry_spell_weeks), sig_03 (precipitation_mm, seasonal_precipitation_mm). Amplifying signals (do not alone confirm): sig_04 (monsoon_onset_date).","{""version"": 1, ""primary_confirm_signals"": [""sig_01"", ""sig_05"", ""sig_02"", ""sig_03""], ""confirm_when"": {""min_confirms_true"": 2, ""amplifiers_do_not_confirm"": true, ""min_from_set"": {""signals"": [""sig_01"", ""sig_05"", ""sig_02"", ""sig_03""], ""min"": 2}}, ""confidence_when"": [{""level"": ""high"", ""min_from_set"": {""signals"": [""sig_01"", ""sig_05"", ""sig_02"", ""sig_03""], ""min"": 2}, ""min_high_severity_confirms"": 2}, {""level"": ""medium"", ""min_confirms_true"": 1}, {""level"": ""low"", ""default"": true}]}",,ecb07d332cf55d7d
5d3fe22f2d4e4543,1,agriculture__water_scarcity__groundwater_stress__017,"sig_01,sig_03,sig_05,sig_06,sig_07",2,"Groundwater stress in humid and perhumid island settings (AER-20) presents differently from mainland semi-arid contexts. Despite high annual rainfall (1600–3000 mm), the freshwater resource is structurally limited by small island area, thin freshwater lenses overlying saline groundwater, and low-sto","Pathway groundwater_stress confirmation policy (auto-generated summary). Confirm when at least 2 of the primary signals co-occur: sig_01 (soge_dev_percent, soge_class_name), sig_03 (trend_annual_delta_g_mm, delta_g_mm), sig_05 (borewell_density), sig_06 (groundwater_salinity), sig_07 (annual_well_depth_m). Amplifying signals (do not alone confirm): sig_02 (aquifer_class, aquifer_lithology_percent), sig_04 (nrega_swc_count). Follow-up variables for field evidence: groundwater_salinity, borewell_density, annual_well_depth_m.","{""version"": 1, ""primary_confirm_signals"": [""sig_01"", ""sig_03"", ""sig_05"", ""sig_06"", ""sig_07""], ""confirm_when"": {""min_confirms_true"": 2, ""amplifiers_do_not_confirm"": true, ""min_from_set"": {""signals"": [""sig_01"", ""sig_03"", ""sig_05"", ""sig_06"", ""sig_07""], ""min"": 2}}, ""confidence_when"": [{""level"": ""high"", ""min_from_set"": {""signals"": [""sig_01"", ""sig_03"", ""sig_05"", ""sig_06"", ""sig_07""], ""min"": 2}, ""min_high_severity_confirms"": 2}, {""level"": ""medium"", ""min_confirms_true"": 1}, {""level"": ""low"", ""default"": true}]}",,5d3fe22f2d4e4543
9cae31a0b8d701ad,1,agriculture__water_scarcity__irrigation_challenges__005,"sig_01,sig_02,sig_06",1,"Irrigation infrastructure failure in sub-humid plateau contexts like Bundelkhand and Malwa is best confirmed by the convergence of declining SWB area trend, low rabi-to-kharif SWB persistence, and low MGNREGA SWC investment. A single signal may reflect data noise or spatial mismatch. The absence of ","Pathway irrigation_challenges confirmation policy (auto-generated summary). Confirm when sig_01 (swb_total_area_ha, swb_count) is TRUE. Amplifying signals (do not alone confirm): sig_03 (nrega_swc_count), sig_04 (river_name), sig_05 (dist_cooperative_km). Follow-up variables for field evidence: annual_well_depth_m.","{""version"": 1, ""primary_confirm_signals"": [""sig_01"", ""sig_02"", ""sig_06""], ""confirm_when"": {""min_confirms_true"": 1, ""amplifiers_do_not_confirm"": true}, ""confidence_when"": [{""level"": ""high"", ""min_confirms_true"": 2}, {""level"": ""medium"", ""min_confirms_true"": 1}, {""level"": ""low"", ""default"": true}]}","Autogen has mismatch, expression error",9cae31a0b8d701ad
7058dec595e400a6,1,agriculture__water_scarcity__irrigation_challenges__014,"sig_01,sig_02,sig_05,sig_06",1,,"Pathway irrigation_challenges confirmation policy (auto-generated summary). Confirm when sig_01 (swb_total_area_ha, swb_count) is TRUE. Amplifying signals (do not alone confirm): sig_03 (nrega_swc_count), sig_04 (dist_cooperative_km). Follow-up variables for field evidence: annual_well_depth_m, tank_siltation_status.","{""version"": 1, ""primary_confirm_signals"": [""sig_01"", ""sig_02"", ""sig_05"", ""sig_06""], ""confirm_when"": {""min_confirms_true"": 1, ""amplifiers_do_not_confirm"": true}, ""confidence_when"": [{""level"": ""high"", ""min_confirms_true"": 2}, {""level"": ""medium"", ""min_confirms_true"": 1}, {""level"": ""low"", ""default"": true}]}","Autoge has mismatch, Expression error",7058dec595e400a6
891d2f836d063a2a,1,agriculture__water_scarcity__rainfed_risk__002,,2,,"Pathway rainfed_risk confirmation policy (auto-generated summary). Confirm when at least 2 confirming signal(s) are TRUE. Amplifying signals (do not alone confirm): sig_04 (runoff_mm, terrain_cluster_id). Follow-up variables for field evidence: irrigated_area_ha.","{""version"": 1, ""confirm_when"": {""min_confirms_true"": 2}, ""confidence_when"": [{""level"": ""high"", ""min_confirms_true"": 3}, {""level"": ""medium"", ""min_confirms_true"": 2}, {""level"": ""low"", ""default"": true}]}",Expression error,891d2f836d063a2a
cdd74db78c08c69f,1,agriculture__water_scarcity__rainfed_risk__005,"sig_01,sig_02,sig_03,sig_05",1,,"Pathway rainfed_risk confirmation policy (auto-generated summary). Confirm when sig_01 (lulc_single_kharif_ha, lulc_double_crop_ha) is TRUE. Amplifying signals (do not alone confirm): sig_04 (runoff_mm, terrain_cluster_id). Follow-up variables for field evidence: irrigated_area_ha.","{""version"": 1, ""primary_confirm_signals"": [""sig_01"", ""sig_02"", ""sig_03"", ""sig_05""], ""confirm_when"": {""min_confirms_true"": 1, ""amplifiers_do_not_confirm"": true}, ""confidence_when"": [{""level"": ""high"", ""min_confirms_true"": 2}, {""level"": ""medium"", ""min_confirms_true"": 1}, {""level"": ""low"", ""default"": true}]}",Expression error,cdd74db78c08c69f
539b4853797aafb1,1,agriculture__water_scarcity__rainfed_risk__007,"sig_01,sig_02,sig_04",3,Diagnosis of rainfed risk in AER-12 (Chhota Nagpur Plateau and Eastern Ghats) should be confirmed by at least three of the five signals. The two primary structural signals are sig_01 (single-kharif dominance >75%) and sig_02 (mean cropping intensity ≤1.15 with flat trend); both must be present for a,"Pathway rainfed_risk confirmation policy (auto-generated summary). Confirm when at least 3 of the primary signals co-occur: sig_01 (lulc_single_kharif_ha, lulc_double_crop_ha), sig_02 (cropping_intensity), sig_04 (canal_name, nrega_irrigation_count). Amplifying signals (do not alone confirm): sig_03 (runoff_mm, terrain_cluster_id). Follow-up variables for field evidence: irrigated_area_ha.","{""version"": 1, ""primary_confirm_signals"": [""sig_01"", ""sig_02"", ""sig_04""], ""confirm_when"": {""min_confirms_true"": 3, ""amplifiers_do_not_confirm"": true, ""min_from_set"": {""signals"": [""sig_01"", ""sig_02"", ""sig_04""], ""min"": 3}}, ""confidence_when"": [{""level"": ""high"", ""min_from_set"": {""signals"": [""sig_01"", ""sig_02"", ""sig_04""], ""min"": 3}, ""min_high_severity_confirms"": 2}, {""level"": ""medium"", ""min_confirms_true"": 1}, {""level"": ""low"", ""default"": true}]}",Min 3 is tough,539b4853797aafb1
b3a16ce03ca2017f,1,ntfp_forest_biodiversity__ntfp_decline__encroachment__001,"sig_01,sig_03,sig_04",1,Diagnosis of encroachment as the primary driver of NTFP decline should be confirmed by at least sig_01 (forest-to-farm conversion trend) plus one of sig_03 or sig_04. sig_02 (urbanization) alone is insufficient to confirm encroachment but strengthens the case when sig_01 is also positive. In semi-ar,"Pathway encroachment confirmation policy (auto-generated summary). Confirm when sig_01 (cd_forest_to_farm_ha) is TRUE. Amplifying signals (do not alone confirm): sig_02 (cd_urbanization_ha). Follow-up variables for field evidence: fra_claims_filed_count, forest_patch_connectivity.","{""version"": 1, ""primary_confirm_signals"": [""sig_01"", ""sig_03"", ""sig_04""], ""confirm_when"": {""min_confirms_true"": 1, ""amplifiers_do_not_confirm"": true}, ""confidence_when"": [{""level"": ""high"", ""min_confirms_true"": 2}, {""level"": ""medium"", ""min_confirms_true"": 1}, {""level"": ""low"", ""default"": true}]}","Autogen has mismatch, expression error",b3a16ce03ca2017f
9f3ae20f0f54b7c8,1,ntfp_forest_biodiversity__ntfp_decline__encroachment__003,"sig_01,sig_05,sig_02",1,Diagnosis of the encroachment pathway for NTFP decline in the sub-humid plains of AER-9 should be anchored on sig_01 (forest-to-farm conversion trend) as the primary confirmatory signal. The composite signal sig_05 provides the highest diagnostic confidence when all three variable streams converge. ,"Pathway encroachment confirmation policy (auto-generated summary). Confirm when sig_01 (cd_forest_to_farm_ha) is TRUE. Amplifying signals (do not alone confirm): sig_03 (cd_urbanization_ha), sig_04 (village_st_percent). Follow-up variables for field evidence: ntfp_collection_trend_qualitative, fra_claims_filed_count.","{""version"": 1, ""primary_confirm_signals"": [""sig_01"", ""sig_05"", ""sig_02""], ""confirm_when"": {""min_confirms_true"": 1, ""amplifiers_do_not_confirm"": true}, ""confidence_when"": [{""level"": ""high"", ""min_confirms_true"": 2}, {""level"": ""medium"", ""min_confirms_true"": 1}, {""level"": ""low"", ""default"": true}]}","Autogen has mismatch, expression error",9f3ae20f0f54b7c8
9b0276448d48e4a4,1,ntfp_forest_biodiversity__ntfp_decline__encroachment__010,"sig_01,sig_02,sig_04",1,Diagnosis of encroachment as the primary driver of NTFP decline should be anchored on sig_01 (forest-to-farm conversion trend) as the core confirmatory signal. Sig_02 (urbanization expansion) and sig_03 (high ST population) serve as amplifying and contextualising signals. The composite sig_04 is the,"Pathway encroachment confirmation policy (auto-generated summary). Confirm when sig_01 (cd_forest_to_farm_ha) is TRUE. Amplifying signals (do not alone confirm): sig_03 (village_st_percent). Follow-up variables for field evidence: fra_claims_filed_count, forest_boundary_demarcation_status.","{""version"": 1, ""primary_confirm_signals"": [""sig_01"", ""sig_02"", ""sig_04""], ""confirm_when"": {""min_confirms_true"": 1, ""required_any"": [[""sig_01""], [""sig_04""]], ""amplifiers_do_not_confirm"": true}, ""confidence_when"": [{""level"": ""high"", ""min_from_set"": {""signals"": [""sig_01"", ""sig_04""], ""min"": 2}}, {""level"": ""high"", ""min_from_set"": {""signals"": [""sig_04""], ""min"": 1}, ""min_high_severity_confirms"": 1}, {""level"": ""medium"", ""min_confirms_true"": 1}, {""level"": ""low"", ""default"": true}]}",Autogen has mismatch,9b0276448d48e4a4
1105430c8b5be6df,1,ntfp_forest_biodiversity__ntfp_decline__encroachment__014,"sig_01,sig_03,sig_05,sig_06",1,,"Pathway encroachment confirmation policy (auto-generated summary). Confirm when sig_01 (cd_forest_to_farm_ha) is TRUE. Amplifying signals (do not alone confirm): sig_02 (cd_urbanization_ha), sig_04 (village_st_percent). Follow-up variables for field evidence: fra_claims_filed_count, ntfp_collection_trend_qualitative.","{""version"": 1, ""primary_confirm_signals"": [""sig_01"", ""sig_03"", ""sig_05"", ""sig_06""], ""confirm_when"": {""min_confirms_true"": 1, ""amplifiers_do_not_confirm"": true}, ""confidence_when"": [{""level"": ""high"", ""min_confirms_true"": 2}, {""level"": ""medium"", ""min_confirms_true"": 1}, {""level"": ""low"", ""default"": true}]}","Autogen has mismatch, expression error",1105430c8b5be6df
f8775f4def3a75aa,1,ntfp_forest_biodiversity__ntfp_decline__encroachment__015,"sig_01,sig_02,sig_04,sig_05,sig_06,sig_07",1,,"Pathway encroachment confirmation policy (auto-generated summary). Confirm when sig_01 (cd_forest_to_farm_ha) is TRUE. Amplifying signals (do not alone confirm): sig_03 (cd_urbanization_ha). Follow-up variables for field evidence: fra_claims_filed_count, ntfp_collection_trend_qualitative.","{""version"": 1, ""primary_confirm_signals"": [""sig_01"", ""sig_02"", ""sig_04"", ""sig_05"", ""sig_06"", ""sig_07""], ""confirm_when"": {""min_confirms_true"": 1, ""amplifiers_do_not_confirm"": true}, ""confidence_when"": [{""level"": ""high"", ""min_confirms_true"": 2}, {""level"": ""medium"", ""min_confirms_true"": 1}, {""level"": ""low"", ""default"": true}]}","Autogen has mismatch, expression error",f8775f4def3a75aa
bcf9ecea2b9f1039,1,socio_economic__economic_hardship__multi_sector_vulnerability__011,"sig_01,sig_03,sig_04,sig_05,sig_06",1,,"Pathway multi_sector_vulnerability confirmation policy (auto-generated summary). Confirm when sig_01 (village_sc_percent, village_st_percent) is TRUE. Amplifying signals (do not alone confirm): sig_02 (village_literacy_rate). Follow-up variables for field evidence: migrant_household_percent, household_income_inr.","{""version"": 1, ""primary_confirm_signals"": [""sig_01"", ""sig_03"", ""sig_04"", ""sig_05"", ""sig_06""], ""confirm_when"": {""min_confirms_true"": 1, ""amplifiers_do_not_confirm"": true}, ""confidence_when"": [{""level"": ""high"", ""min_confirms_true"": 2}, {""level"": ""medium"", ""min_confirms_true"": 1}, {""level"": ""low"", ""default"": true}]}","Autogen has mismatch, expression error",bcf9ecea2b9f1039
f7b94da3fe2880de,1,socio_economic__economic_hardship__multi_sector_vulnerability__013,"sig_01,sig_02,sig_05",3,"Economic hardship in the NE Hills perhumid context is confirmed when at least three of the five signals are positive: high ST/SC proportion (sig_01), financial exclusion via bank distance (sig_02), low literacy (sig_03), low MGNREGA coverage (sig_04), and recurring severe drought (sig_05). Signals s","Pathway multi_sector_vulnerability confirmation policy (auto-generated summary). Confirm when at least 3 of the primary signals co-occur: sig_01 (village_st_percent, village_sc_percent), sig_02 (dist_bank_km), sig_05 (drought_weeks_severe). Amplifying signals (do not alone confirm): sig_03 (village_literacy_rate), sig_04 (nrega_swc_count). Follow-up variables for field evidence: migrant_household_percent, household_income_inr.","{""version"": 1, ""primary_confirm_signals"": [""sig_01"", ""sig_02"", ""sig_05""], ""confirm_when"": {""min_confirms_true"": 3, ""amplifiers_do_not_confirm"": true, ""min_from_set"": {""signals"": [""sig_01"", ""sig_02"", ""sig_05""], ""min"": 3}}, ""confidence_when"": [{""level"": ""high"", ""min_from_set"": {""signals"": [""sig_01"", ""sig_02"", ""sig_05""], ""min"": 3}, ""min_high_severity_confirms"": 2}, {""level"": ""medium"", ""min_confirms_true"": 1}, {""level"": ""low"", ""default"": true}]}",,f7b94da3fe2880de
2dbc650b1490ddc7,1,socio_economic__economic_hardship__multi_sector_vulnerability__015,"sig_01,sig_03,sig_05,sig_06,sig_07",1,,"Pathway multi_sector_vulnerability confirmation policy (auto-generated summary). Confirm when sig_01 (village_sc_percent, village_st_percent) is TRUE. Amplifying signals (do not alone confirm): sig_02 (village_literacy_rate), sig_04 (nrega_swc_count). Follow-up variables for field evidence: migrant_household_percent, household_income_inr.","{""version"": 1, ""primary_confirm_signals"": [""sig_01"", ""sig_03"", ""sig_05"", ""sig_06"", ""sig_07""], ""confirm_when"": {""min_confirms_true"": 1, ""amplifiers_do_not_confirm"": true}, ""confidence_when"": [{""level"": ""high"", ""min_confirms_true"": 2}, {""level"": ""medium"", ""min_confirms_true"": 1}, {""level"": ""low"", ""default"": true}]}","Autogen has mismatch, expression error",2dbc650b1490ddc7
911a899f3e3b03f5,1,socio_economic__economic_hardship__multi_sector_vulnerability__016,"sig_01,sig_03,sig_04,sig_05,sig_06",3,"Economic hardship in the Ladakh cold arid context arises from the convergence of structural social vulnerability (high SC/ST share, low literacy), financial exclusion (remote banking), and recurring production shocks (severe drought with minimal MGNREGA safety net). Diagnosis is strongest when at le","Pathway multi_sector_vulnerability confirmation policy (auto-generated summary). Confirm when at least 3 of the primary signals co-occur: sig_01 (village_st_percent, village_sc_percent), sig_03 (dist_bank_km), sig_04 (drought_weeks_severe, nrega_swc_count), sig_05 (migrant_household_percent), sig_06 (household_income_inr). Amplifying signals (do not alone confirm): sig_02 (village_literacy_rate). Follow-up variables for field evidence: migrant_household_percent, household_income_inr.","{""version"": 1, ""primary_confirm_signals"": [""sig_01"", ""sig_03"", ""sig_04"", ""sig_05"", ""sig_06""], ""confirm_when"": {""min_confirms_true"": 3, ""amplifiers_do_not_confirm"": true, ""min_from_set"": {""signals"": [""sig_01"", ""sig_03"", ""sig_04"", ""sig_05"", ""sig_06""], ""min"": 3}}, ""confidence_when"": [{""level"": ""high"", ""min_from_set"": {""signals"": [""sig_01"", ""sig_03"", ""sig_04"", ""sig_05"", ""sig_06""], ""min"": 3}, ""min_high_severity_confirms"": 2}, {""level"": ""medium"", ""min_confirms_true"": 1}, {""level"": ""low"", ""default"": true}]}",,911a899f3e3b03f5
7d6e4cf60f066fc0,1,socio_economic__low_income__small_landholding__009,"sig_01,sig_04",2,"Diagnosis of low income driven by small landholding requires at least two of the three primary signals to be active: low per-capita cropland ratio (sig_01), low cropping intensity (sig_02), or the composite diversification absence signal (sig_04). Market remoteness (sig_03) amplifies but does not in","Pathway small_landholding confirmation policy (auto-generated summary). Confirm when at least 2 of the primary signals co-occur: sig_01 (lulc_cropland_ha, village_total_population), sig_04 (dist_dairy_km, organization_domains, nrega_community_assets_count). Amplifying signals (do not alone confirm): sig_02 (cropping_intensity), sig_03 (dist_apmc_km), sig_07 (market_price_crop). Follow-up variables for field evidence: landholding_size_distribution, household_income_inr, market_price_crop.","{""version"": 1, ""primary_confirm_signals"": [""sig_01"", ""sig_04""], ""confirm_when"": {""min_confirms_true"": 2, ""amplifiers_do_not_confirm"": true, ""min_from_set"": {""signals"": [""sig_01"", ""sig_04""], ""min"": 2}}, ""confidence_when"": [{""level"": ""high"", ""min_from_set"": {""signals"": [""sig_01"", ""sig_04""], ""min"": 2}, ""min_high_severity_confirms"": 2}, {""level"": ""medium"", ""min_confirms_true"": 1}, {""level"": ""low"", ""default"": true}]}",,7d6e4cf60f066fc0
7203d24bf55d2cc9,1,socio_economic__low_income__small_landholding__012,sig_01,2,Diagnosis of the small_landholding pathway as the cause of low_income in perhumid NE hill states should be confirmed by at least two primary signals: low per-capita cropland (sig_01) and either low cropping intensity (sig_02) or high market distance (sig_03). The absence of diversification support (,"Pathway small_landholding confirmation policy (auto-generated summary). Confirm when at least 2 of the primary signals co-occur: sig_01 (lulc_cropland_ha, village_total_population). Amplifying signals (do not alone confirm): sig_02 (cropping_intensity), sig_03 (dist_apmc_km), sig_04 (organization_domains, nrega_community_assets_count), sig_07 (market_price_crop). Follow-up variables for field evidence: landholding_size_distribution, household_income_inr, market_price_crop.","{""version"": 1, ""primary_confirm_signals"": [""sig_01""], ""confirm_when"": {""min_confirms_true"": 2, ""amplifiers_do_not_confirm"": true}, ""confidence_when"": [{""level"": ""high"", ""min_confirms_true"": 2}, {""level"": ""medium"", ""min_confirms_true"": 1}, {""level"": ""low"", ""default"": true}]}","Expression error, very tight",7203d24bf55d2cc9
45eba3f85cf4d0de,1,socio_economic__low_income__small_landholding__014,"sig_01,sig_05",2,"Diagnosis of the small_landholding pathway as driver of low_income in semi-arid Malwa and Gujarat should be confirmed by at least two of the three primary signals: low per-capita cropland (sig_01), low cropping intensity (sig_02), and remote market access (sig_03). The institutional weakness signal ","Pathway small_landholding confirmation policy (auto-generated summary). Confirm when at least 2 of the primary signals co-occur: sig_01 (lulc_cropland_ha, village_total_population), sig_05 (landholding_size_distribution). Amplifying signals (do not alone confirm): sig_02 (cropping_intensity), sig_03 (dist_apmc_km, dist_dairy_km), sig_04 (organization_domains, nrega_community_assets_count), sig_07 (market_price_crop). Follow-up variables for field evidence: landholding_size_distribution, household_income_inr, market_price_crop.","{""version"": 1, ""primary_confirm_signals"": [""sig_01"", ""sig_05""], ""confirm_when"": {""min_confirms_true"": 2, ""amplifiers_do_not_confirm"": true, ""min_from_set"": {""signals"": [""sig_01"", ""sig_05""], ""min"": 2}}, ""confidence_when"": [{""level"": ""high"", ""min_from_set"": {""signals"": [""sig_01"", ""sig_05""], ""min"": 2}, ""min_high_severity_confirms"": 2}, {""level"": ""medium"", ""min_confirms_true"": 1}, {""level"": ""low"", ""default"": true}]}",,45eba3f85cf4d0de
579f0295a41c238a,1,socio_economic__low_income__small_landholding__015,"sig_01,sig_06,sig_08",1,,"Pathway small_landholding confirmation policy (auto-generated summary). Confirm when sig_01 (lulc_cropland_ha, village_total_population) is TRUE. Amplifying signals (do not alone confirm): sig_02 (cropping_intensity), sig_03 (dist_apmc_km), sig_04 (nrega_community_assets_count, organization_domains), sig_05 (dist_dairy_km), sig_07 (market_price_crop). Follow-up variables for field evidence: landholding_size_distribution, household_income_inr, market_price_crop.","{""version"": 1, ""primary_confirm_signals"": [""sig_01"", ""sig_06"", ""sig_08""], ""confirm_when"": {""min_confirms_true"": 1, ""amplifiers_do_not_confirm"": true}, ""confidence_when"": [{""level"": ""high"", ""min_confirms_true"": 2}, {""level"": ""medium"", ""min_confirms_true"": 1}, {""level"": ""low"", ""default"": true}]}","Autogen mismatch, Expression error",579f0295a41c238a
